{"flutter":{"platforms":{"android":{"default":{"projectId":"appclientes-b8a4b","appId":"1:376211701693:android:9db75c76ee0d92d0f09cd4","fileOutput":"android/app/google-services.json"}},"dart":{"lib/firebase_options.dart":{"projectId":"appclientes-b8a4b","configurations":{"android":"1:376211701693:android:9db75c76ee0d92d0f09cd4","ios":"1:376211701693:ios:95664690c4c907cdf09cd4","macos":"1:376211701693:ios:95664690c4c907cdf09cd4","web":"1:376211701693:web:d13d12d8eb1f52d1f09cd4","windows":"1:376211701693:web:44cd224842956385f09cd4"}}}}}}