{
  "project_info": {
    "project_number": "969684549107",
    "project_id": "aula11-9dd7f",
    "storage_bucket": "aula11-9dd7f.firebasestorage.app"
  },
  "client": [
    {
      "client_info": {
        "mobilesdk_app_id": "1:969684549107:android:5667628c43f2fdbb1ca686",
        "android_client_info": {
          "package_name": "com.example.app_aluno"
        }
      },
      "oauth_client": [
        {
          "client_id": "969684549107-o4uvv4ufckvldd9ji2ao3ri4ogvs9gqc.apps.googleusercontent.com",
          "client_type": 1,
          "android_info": {
            "package_name": "com.example.app_aluno",
            "certificate_hash": "ab53eae46c56574b5c56f76b096c690e79a0544f"
          }
        },
        {
          "client_id": "969684549107-7ahbggi9mjgb474eeddaih63n4iffjbk.apps.googleusercontent.com",
          "client_type": 3
        }
      ],
      "api_key": [
        {
          "current_key": "AIzaSyD2lw_qwZRcCBlhxuAmejd8zK_5Ye1toxg"
        }
      ],
      "services": {
        "appinvite_service": {
          "other_platform_oauth_client": [
            {
              "client_id": "969684549107-7ahbggi9mjgb474eeddaih63n4iffjbk.apps.googleusercontent.com",
              "client_type": 3
            },
            {
              "client_id": "969684549107-d9ti1eb2odab5glcrrv7htfikjbsq6b1.apps.googleusercontent.com",
              "client_type": 2,
              "ios_info": {
                "bundle_id": "com.example.appAluno"
              }
            }
          ]
        }
      }
    }
  ],
  "configuration_version": "1"
}